Question,Answer
Q: How can I check the status of my international application?,"A: After submitting your application, you can monitor its progress via the “Check Application Status” tool provided in your applicant portal. This will update you on the receipt of documents and any additional steps you may need to complete."
Q: Who should I contact if I have questions about the international admissions process?,"A: If you have any questions regarding the application process, English proficiency requirements, visa procedures, or any other related matters, you should contact the International Admissions team or the Office of International Engagement using the contact information provided on the page."
Q: Can international students visit the campus before applying?,"A: Yes. International applicants are encouraged to explore campus resources, either through in-person tours (if feasible) or via the Campus Virtual Tour. Visiting the campus can provide valuable insights into ISU’s academic environment and student life."
Q: What is the main purpose of the Scholarships page?,A: The Scholarships page is designed to inform prospective and current students about the various scholarship opportunities available at Illinois State University. It explains how ISU supports students financially—highlighting merit-based awards like the Redbird Scholarship Program and other funding opportunities—to help make your education more affordable.
Q: What is the Redbird Scholarship Program?,"A: The Redbird Scholarship Program is a key initiative at ISU designed to assist students financially. The program is backed by a dedicated fund (with an additional $4 million investment announced) that provides scholarship awards to eligible students, helping to reduce the overall cost of tuition and other educational expenses."
Q: Who is eligible to apply for scholarships at Illinois State University?,"A: Eligibility varies by scholarship. Generally, scholarships are available for incoming freshmen, transfer students, international applicants, and even graduate students. Each award may have specific criteria—such as academic achievement, leadership, community involvement, or financial need—so it’s important to review the details for each scholarship opportunity listed."
Q: Do I need to submit a separate application for scholarships?,"A: In many cases, students are automatically considered for certain institutional scholarships upon submitting their admission application. However, some scholarships might require an additional application, supplemental essay, or documentation. Be sure to review the specific instructions provided on the Scholarships page and any linked resources."
Q: What types of scholarships are offered?,"A: ISU offers a range of scholarships including merit-based awards (like the Redbird Scholarship), need-based grants, and departmental or program-specific awards. The page often provides links to explore individual scholarship opportunities, along with eligibility criteria and award details."
Q: How do scholarship awards help with tuition costs?,"A: Scholarship awards from ISU can directly offset tuition and fees, reducing the overall financial burden. Some awards may cover a portion or the full amount of tuition for a specified period, which helps ensure that your investment in education remains manageable over time."
Q: Are scholarship funds renewable?,"A: Some scholarships are renewable each academic year, provided you continue to meet the award criteria—such as maintaining a specified GPA or fulfilling program requirements. Specific terms and conditions for renewability are outlined in each scholarship’s details."
Q: How can I find more detailed information on each scholarship opportunity?,"A: The Scholarships page typically includes links or sections that lead to additional details on individual awards, including eligibility, award amounts, application deadlines, and required supporting materials. You can click through these links to review the full descriptions and guidelines for each opportunity."
Q: Can I apply for multiple scholarships at ISU?,A: Yes. Many students apply for and receive multiple scholarships to help cover their educational expenses. It’s important to follow each scholarship’s instructions carefully and ensure you meet all deadlines and requirements for each application.
Q: How are scholarship awards disbursed to students?,"A: Scholarship funds are generally applied directly to your student account to cover tuition and related fees. In some cases, if there is any excess funding, it may be refunded to you. The exact disbursement process will be detailed in the award notification."
Q: Are there scholarships available for graduate students as well?,"A: Yes. While the Scholarships page largely highlights undergraduate opportunities like the Redbird Scholarship Program, there are also funding and scholarship options available for graduate students. Graduate-specific awards may have their own application process and eligibility criteria."
Q: What should I do if I have questions about scholarship opportunities?,"A: If you need additional information or have specific questions, the page typically provides contact details for the Office of Admissions or a dedicated scholarship office. Reaching out via the provided email or phone number can give you personalized guidance on available awards and the application process."
Q: What role do financial need and academic performance play in scholarship decisions?,"A: Scholarship decisions at ISU are based on a combination of factors, including academic achievement, leadership qualities, community involvement, and financial need. Different scholarships weigh these criteria differently, so it’s important to understand the focus of each award you’re applying for."
Q: How do I check the status of my scholarship application?,"A: Once you have submitted your application(s), you can track their progress through your applicant or student portal. ISU will typically update your account with notifications once a decision has been made or if additional information is required."
Q: Where can I find the most up-to-date information on scholarships and deadlines?,"A: The Scholarships page on ISU’s website is regularly updated with the latest information on available awards, application deadlines, and any changes in eligibility or funding. It’s important to check back frequently and subscribe to any available notifications to stay informed."
Q: What is the purpose of the Financial Aid website?,"A: The website is designed to help both prospective and current students navigate the wide range of financial aid options available at Illinois State University. It offers information on federal and state aid, institutional scholarships, loans, work-study programs, and budgeting tools to help cover the cost of attendance."
Q: Who is eligible to receive financial aid at ISU?,"A: Eligibility is determined primarily by your financial need, academic status, and citizenship or residency status (for federal aid). Undergraduate and graduate students who submit a valid FAFSA and meet other program-specific criteria may qualify for various forms of aid."
Q: How do I apply for financial aid at Illinois State University?,"A: You begin by completing the Free Application for Federal Student Aid (FAFSA) online. The website provides step-by-step instructions, important deadlines, and links to any additional forms or requirements needed to secure both federal and institutional aid."
Q: What types of financial aid are available at ISU?,"A: Financial aid options include federal and state grants, institutional scholarships, federal loans, work-study opportunities, and sometimes private scholarships. Each type of aid has its own eligibility criteria and application process."
Q: When are the FAFSA and other financial aid application deadlines?,"A: Deadlines vary each academic year and may be different for federal aid, state aid, and institutional awards. The Financial Aid website lists current deadlines and recommends that you apply as early as possible to maximize your eligibility for need-based aid."
Q: What is the cost of attendance and how is it determined?,"A: The cost of attendance (COA) includes tuition, fees, housing, books, and other related expenses. ISU provides a Price Calculator or COA estimator on the site to help you determine how much funding you will need to cover these costs, which in turn helps establish your financial aid eligibility."
Q: How does the Expected Family Contribution (EFC) affect my financial aid package?,"A: Your EFC, calculated from the FAFSA information, represents your family’s financial strength. It is subtracted from the COA to determine your eligibility for need-based aid. A lower EFC typically results in a higher amount of need-based aid."
Q: Can I check the status of my financial aid application and award?,"A: Yes. After you submit your FAFSA and any additional required documents, you can monitor your application status and view your award details through your online financial aid portal, typically accessible via My.IllinoisState."
Q: How are work-study opportunities managed at ISU?,"A: Work-study programs provide part-time employment for students with financial need. Eligibility is determined through your FAFSA, and positions are assigned on campus or with approved community organizations. Details on available positions and application steps are provided on the website."
Q: What should I do if my financial aid award is lower than expected?,"A: If you believe your aid package does not meet your financial needs, you should contact the Financial Aid Office. They can review your file with you and advise on possible appeals or additional funding options."
Q: Are there financial aid resources for international students?,"A: While federal aid is generally available only to U.S. citizens and eligible non-citizens, international students may still qualify for institutional scholarships and some private awards. The website provides specific guidance and links for international applicants."
Q: Can financial aid funds be used for expenses other than tuition?,"A: Yes. Financial aid packages are designed to cover the full cost of attendance, which includes tuition, fees, housing, books, and other educational expenses, as long as they are used according to federal and institutional guidelines."
Q: What resources are available if I need help understanding or managing my financial aid?,"A: ISU offers several support resources including online guides, budgeting tools, FAQs, and one-on-one counseling through the Financial Aid Office. These resources are intended to help you make informed decisions about financing your education."
Q: How do I learn about or apply for institutional scholarships?,"A: Information on institutional scholarships, including eligibility criteria, deadlines, and application processes, is available on the Financial Aid website and through linked scholarship pages. Many awards are automatically considered when you complete your FAFSA, but some may require a separate application."
Q: Who should I contact if I have questions about my financial aid application or award?,"A: For personalized assistance, you should contact the ISU Financial Aid Office. The website provides contact details—including email addresses and phone numbers—so you can reach out with any questions regarding your application, award status, or available resources."
Q: What documents are required for a graduate application?,"A: Generally, you will need to submit official transcripts from all postsecondary institutions, letters of recommendation, a statement of purpose, and a current resume or CV. Some programs may also require standardized test scores (such as the GRE) and additional program-specific materials."
Q: Are standardized tests like the GRE required for all graduate programs?,"A: While many graduate programs require GRE scores, the requirement can vary by department and program. Some programs might waive the GRE requirement based on your academic background or GPA. Check the specific requirements for your program to be sure."
"Q: Is there an application fee for graduate admissions, and can it be waived?","A: Yes, an application fee is typically required. The Graduate Admissions page provides information on fee payment, and in some cases, fee waivers or reductions may be available for eligible applicants. Be sure to review the fee details when preparing your application."
Q: What deadlines should graduate applicants be aware of?,"A: Deadlines for graduate applications vary by program and term (e.g., fall, spring, or summer admissions). The Graduate Admissions page advises prospective students to review specific program deadlines and to check frequently for any updates, as these dates are critical to ensure your application is considered."
Q: How are application materials submitted?,"A: Most graduate applications are submitted online via the university’s application portal. You will be guided step-by-step through the process of uploading transcripts, test scores, recommendation letters, and any supplemental documents required by your program."
Q: How can I track the status of my graduate application?,"A: After submission, you can monitor your application’s progress using the “Check Application Status” tool available through your applicant account. This portal will update you on receipt of your documents and any further steps required."
Q: Are there specific resources available for international graduate applicants?,"A: Yes. International applicants must meet additional requirements such as proof of English language proficiency (e.g., TOEFL or IELTS scores) and may need to have their transcripts evaluated. The Graduate Admissions page provides links to these resources and detailed instructions to help international candidates navigate the process."
Q: What financial aid opportunities are available for graduate students?,"A: Graduate funding may include assistantships, fellowships, scholarships, and grants. While the Graduate Admissions page provides an overview, it also directs you to additional resources where you can explore funding options tailored to your program and needs."
Q: What happens after I am admitted to a graduate program?,"A: Once admitted, you will receive further instructions on enrollment, including details on submitting final documents, paying enrollment deposits, registering for orientation, and preparing for the start of classes. There are also resources available to help you transition smoothly into graduate student life."
Q: Who can I contact if I have questions or need assistance during the graduate application process?,"A: The Graduate Admissions page includes contact information for the Office of Graduate Admissions and program-specific advisors. If you have questions about requirements, deadlines, or any part of the application process, you are encouraged to reach out via email or phone for personalized support."
Q: How long does the graduate admissions process typically take?,"A: Processing times vary by program and the completeness of your application. In general, you should allow several weeks to a few months for your application to be reviewed. It’s important to submit all required materials promptly to avoid delays."
Q: Can I update or make changes to my application after submission?,"A: Once submitted, changes are typically limited. If you discover an error or need to update information, you should contact the Graduate Admissions Office as soon as possible. They will advise you on the appropriate steps to take."
Q: Who qualifies as an international applicant at Illinois State University?,A: International applicants are those who are non-U.S. citizens and/or non-permanent residents seeking to study at ISU. They must meet all standard admission requirements along with additional documentation specific to international credentials.
Q: What are the general application requirements for international students?,"A: International applicants must submit an official academic record (transcripts) from their previous institutions. If the documents are not in English, certified translations are required. Additionally, you must provide proof of English language proficiency (typically via TOEFL, IELTS, or other accepted tests), along with any other program-specific documents."
Q: What English proficiency tests are accepted and what scores do I need?,"A: ISU generally accepts tests such as TOEFL and IELTS. Although minimum score requirements can vary by program, a common benchmark is a TOEFL score of at least 79 on the internet-based test or an overall IELTS band score of 6.5. Be sure to check the specific requirements for your intended program."
Q: How do international students begin their application process?,"A: International applicants should start by accessing the online application portal through the International Admissions page. The page provides step-by-step instructions for uploading documents, submitting test scores, and paying the application fee (unless you qualify for a waiver)."
Q: Are there special deadlines for international applicants?,"A: Yes. In addition to the standard application deadlines, international applicants must consider additional time for visa processing and document translation/evaluation. It is advisable to apply well in advance to ensure all requirements are met on time."
Q: Do international students need to have their transcripts evaluated?,"A: International transcripts must be submitted in their original language along with a certified English translation if they are not already in English. While some institutions require an external credential evaluation (e.g., WES), ISU typically specifies the acceptable documentation format; check the detailed instructions on the page for clarity."
Q: What role does the Office of International Engagement play in the admissions process?,"A: The Office of International Engagement supports international applicants by providing guidance on application requirements, English proficiency testing, transcript evaluations, and visa procedures. They are also a resource for post-admission services, including orientation and cultural adjustment."
Q: What visa-related support does ISU offer for international students?,"A: Once admitted, international students receive an I?20 form, which is essential for applying for an F?1 student visa. The Office of International Engagement offers detailed instructions and support throughout the visa application process to ensure you have all the necessary documentation and guidance."
"Q: Are standardized test scores (such as SAT, ACT, or GRE) required for international applicants?","A: Requirements for standardized test scores vary by program and level of study. Undergraduate international applicants may need to submit SAT or ACT scores, while graduate applicants might be required to provide GRE scores. Check your program’s specific requirements for details."
Q: Is financial aid available for international students?,"A: Financial aid opportunities for international students are limited compared to domestic applicants. While some scholarships or institutional awards might be available, most international students are expected to secure funding independently. Review the financial aid resources provided on the page for any available options."
Q: What additional resources are available to help international students adjust to life at ISU?,"A: The International Admissions page links to a variety of resources, including information on orientation programs, housing, cultural adjustment, and academic support services. These resources are designed to help international students transition smoothly into campus life."
Q: How can I check the status of my international application?,"A: After submitting your application, you can monitor its progress via the “Check Application Status” tool provided in your applicant portal. This will update you on the receipt of documents and any additional steps you may need to complete."
Q: Who should I contact if I have questions about the international admissions process?,"A: If you have any questions regarding the application process, English proficiency requirements, visa procedures, or any other related matters, you should contact the International Admissions team or the Office of International Engagement using the contact information provided on the page."
Q: Can international students visit the campus before applying?,"A: Yes. International applicants are encouraged to explore campus resources, either through in-person tours (if feasible) or via the Campus Virtual Tour. Visiting the campus can provide valuable insights into ISU’s academic environment and student life."
Q: What is the main purpose of the Scholarships page?,A: The Scholarships page is designed to inform prospective and current students about the various scholarship opportunities available at Illinois State University. It explains how ISU supports students financially—highlighting merit-based awards like the Redbird Scholarship Program and other funding opportunities—to help make your education more affordable.
Q: What is the Redbird Scholarship Program?,"A: The Redbird Scholarship Program is a key initiative at ISU designed to assist students financially. The program is backed by a dedicated fund (with an additional $4 million investment announced) that provides scholarship awards to eligible students, helping to reduce the overall cost of tuition and other educational expenses."
Q: Who is eligible to apply for scholarships at Illinois State University?,"A: Eligibility varies by scholarship. Generally, scholarships are available for incoming freshmen, transfer students, international applicants, and even graduate students. Each award may have specific criteria—such as academic achievement, leadership, community involvement, or financial need—so it’s important to review the details for each scholarship opportunity listed."
Q: Do I need to submit a separate application for scholarships?,"A: In many cases, students are automatically considered for certain institutional scholarships upon submitting their admission application. However, some scholarships might require an additional application, supplemental essay, or documentation. Be sure to review the specific instructions provided on the Scholarships page and any linked resources."
Q: What types of scholarships are offered?,"A: ISU offers a range of scholarships including merit-based awards (like the Redbird Scholarship), need-based grants, and departmental or program-specific awards. The page often provides links to explore individual scholarship opportunities, along with eligibility criteria and award details."
Q: How do scholarship awards help with tuition costs?,"A: Scholarship awards from ISU can directly offset tuition and fees, reducing the overall financial burden. Some awards may cover a portion or the full amount of tuition for a specified period, which helps ensure that your investment in education remains manageable over time."
Q: Are scholarship funds renewable?,"A: Some scholarships are renewable each academic year, provided you continue to meet the award criteria—such as maintaining a specified GPA or fulfilling program requirements. Specific terms and conditions for renewability are outlined in each scholarship’s details."
Q: How can I find more detailed information on each scholarship opportunity?,"A: The Scholarships page typically includes links or sections that lead to additional details on individual awards, including eligibility, award amounts, application deadlines, and required supporting materials. You can click through these links to review the full descriptions and guidelines for each opportunity."
Q: Can I apply for multiple scholarships at ISU?,A: Yes. Many students apply for and receive multiple scholarships to help cover their educational expenses. It’s important to follow each scholarship’s instructions carefully and ensure you meet all deadlines and requirements for each application.
Q: How are scholarship awards disbursed to students?,"A: Scholarship funds are generally applied directly to your student account to cover tuition and related fees. In some cases, if there is any excess funding, it may be refunded to you. The exact disbursement process will be detailed in the award notification."
Q: Are there scholarships available for graduate students as well?,"A: Yes. While the Scholarships page largely highlights undergraduate opportunities like the Redbird Scholarship Program, there are also funding and scholarship options available for graduate students. Graduate-specific awards may have their own application process and eligibility criteria."
Q: What should I do if I have questions about scholarship opportunities?,"A: If you need additional information or have specific questions, the page typically provides contact details for the Office of Admissions or a dedicated scholarship office. Reaching out via the provided email or phone number can give you personalized guidance on available awards and the application process."
Q: What role do financial need and academic performance play in scholarship decisions?,"A: Scholarship decisions at ISU are based on a combination of factors, including academic achievement, leadership qualities, community involvement, and financial need. Different scholarships weigh these criteria differently, so it’s important to understand the focus of each award you’re applying for."
Q: How do I check the status of my scholarship application?,"A: Once you have submitted your application(s), you can track their progress through your applicant or student portal. ISU will typically update your account with notifications once a decision has been made or if additional information is required."
Q: Where can I find the most up-to-date information on scholarships and deadlines?,"A: The Scholarships page on ISU’s website is regularly updated with the latest information on available awards, application deadlines, and any changes in eligibility or funding. It’s important to check back frequently and subscribe to any available notifications to stay informed."
Q: What is the purpose of the Financial Aid website?,"A: The website is designed to help both prospective and current students navigate the wide range of financial aid options available at Illinois State University. It offers information on federal and state aid, institutional scholarships, loans, work-study programs, and budgeting tools to help cover the cost of attendance."
Q: Who is eligible to receive financial aid at ISU?,"A: Eligibility is determined primarily by your financial need, academic status, and citizenship or residency status (for federal aid). Undergraduate and graduate students who submit a valid FAFSA and meet other program-specific criteria may qualify for various forms of aid."
Q: How do I apply for financial aid at Illinois State University?,"A: You begin by completing the Free Application for Federal Student Aid (FAFSA) online. The website provides step-by-step instructions, important deadlines, and links to any additional forms or requirements needed to secure both federal and institutional aid."
Q: What types of financial aid are available at ISU?,"A: Financial aid options include federal and state grants, institutional scholarships, federal loans, work-study opportunities, and sometimes private scholarships. Each type of aid has its own eligibility criteria and application process."
Q: When are the FAFSA and other financial aid application deadlines?,"A: Deadlines vary each academic year and may be different for federal aid, state aid, and institutional awards. The Financial Aid website lists current deadlines and recommends that you apply as early as possible to maximize your eligibility for need-based aid."
Q: What is the cost of attendance and how is it determined?,"A: The cost of attendance (COA) includes tuition, fees, housing, books, and other related expenses. ISU provides a Price Calculator or COA estimator on the site to help you determine how much funding you will need to cover these costs, which in turn helps establish your financial aid eligibility."
Q: How does the Expected Family Contribution (EFC) affect my financial aid package?,"A: Your EFC, calculated from the FAFSA information, represents your family’s financial strength. It is subtracted from the COA to determine your eligibility for need-based aid. A lower EFC typically results in a higher amount of need-based aid."
Q: Can I check the status of my financial aid application and award?,"A: Yes. After you submit your FAFSA and any additional required documents, you can monitor your application status and view your award details through your online financial aid portal, typically accessible via My.IllinoisState."
Q: How are work-study opportunities managed at ISU?,"A: Work-study programs provide part-time employment for students with financial need. Eligibility is determined through your FAFSA, and positions are assigned on campus or with approved community organizations. Details on available positions and application steps are provided on the website."
Q: What should I do if my financial aid award is lower than expected?,"A: If you believe your aid package does not meet your financial needs, you should contact the Financial Aid Office. They can review your file with you and advise on possible appeals or additional funding options."
Q: Are there financial aid resources for international students?,"A: While federal aid is generally available only to U.S. citizens and eligible non-citizens, international students may still qualify for institutional scholarships and some private awards. The website provides specific guidance and links for international applicants."
Q: Can financial aid funds be used for expenses other than tuition?,"A: Yes. Financial aid packages are designed to cover the full cost of attendance, which includes tuition, fees, housing, books, and other educational expenses, as long as they are used according to federal and institutional guidelines."
Q: What resources are available if I need help understanding or managing my financial aid?,"A: ISU offers several support resources including online guides, budgeting tools, FAQs, and one-on-one counseling through the Financial Aid Office. These resources are intended to help you make informed decisions about financing your education."
Q: How do I learn about or apply for institutional scholarships?,"A: Information on institutional scholarships, including eligibility criteria, deadlines, and application processes, is available on the Financial Aid website and through linked scholarship pages. Many awards are automatically considered when you complete your FAFSA, but some may require a separate application."
Q: Who should I contact if I have questions about my financial aid application or award?,"A: For personalized assistance, you should contact the ISU Financial Aid Office. The website provides contact details—including email addresses and phone numbers—so you can reach out with any questions regarding your application, award status, or available resources."
